{
  "schema_version": "1.1.0",
  "mode": "easy",
  "weights": {
    "bias": 2.238852980107207,
    "dist_to_nearest_active_item": 0.3239812585768106,
    "dist_to_dropoff": -0.07816727197543083,
    "inventory_util": 0.008066119515450814,
    "local_congestion": 0.0,
    "teammate_proximity": 0.0,
    "order_urgency": -0.16643085453767117,
    "blocked_ticks": -2.219386573938834e-05,
    "queue_distance": -0.01918320773804052,
    "queue_slot_index": 6.9673918808994074e-12,
    "is_queue_violation": -0.3391581563735226,
    "near_dropoff_blocking": 0.0,
    "repeated_failed_move_count": -1.687350500414409,
    "conflict_degree": 0.0,
    "yield_applied": 0.0,
    "queue_role_lead": -2.148543276491396,
    "queue_role_courier": 0.0,
    "queue_role_collector": -1.9425621716461554,
    "queue_role_yield": 0.0,
    "queue_advance": 2.3272843259379887,
    "move_target_blocked": -3.378170827294449,
    "noop_move": -0.4003967903216703,
    "intent_move_but_wait": -0.788514860162423,
    "queue_relaxation_active": -2.034799589516428,
    "in_corner": 0.0,
    "dead_end_depth": -0.6767379672890412,
    "escape_macro_active": 0.6343074441726575,
    "escape_macro_ticks_remaining": 0.3506604481635254,
    "queue_eta_rank": 4.043215088583161e-05,
    "local_conflict_count": 0.0,
    "cbs_timeout": 0.0,
    "cbs_expanded_nodes": 0.0,
    "dropoff_attempt_same_order_streak": -2.049070013759424,
    "dropoff_watchdog_triggered": 0.0,
    "loop_two_cycle_count": -0.9889457303927991,
    "coverage_gain": 0.29666086996354557,
    "serviceable_dropoff": -4.384320935547803,
    "ordering_rank": 0.46780491522705936,
    "ordering_score": 0.05291004239401823,
    "dropoff_target_pending": 0.0,
    "dropoff_target_in_progress": 2.5198279390375085,
    "wait_reason_blocked_by_vertex_reservation": 0.0,
    "wait_reason_blocked_by_edge_reservation": 0.0,
    "wait_reason_forbidden_queue_zone": 0.0,
    "wait_reason_prohibited_repeat_move": -0.7885148601624242,
    "wait_reason_no_path_with_constraints": 0.0,
    "wait_reason_timeout_fallback": 0.0
  },
  "ordering_weights": {
    "bias": -2.4919690513433426,
    "carrying_active": -4.022940524408169,
    "queue_role_lead": 1.7956833933534988,
    "queue_role_courier": 0.0,
    "blocked_ticks": -0.005045212135428286,
    "local_conflict_count": 0.0,
    "dist_to_goal_proxy": 0.017933517871166826,
    "dropoff_watchdog_pressure": 0.1482017251538771,
    "choke_occupancy_proxy": 3.5624342665688253
  },
  "metrics": {
    "rows_train": 2400,
    "rows_validation": 900,
    "mae": 2.8263247552742983,
    "rmse": 6.76706006134237,
    "r2": 0.9566442853441222
  }
}