{
  "schema_version": "1.1.0",
  "mode": "easy",
  "weights": {
    "bias": -1.269016029238768,
    "dist_to_nearest_active_item": 0.22903983647036924,
    "dist_to_dropoff": -0.048045372463388636,
    "inventory_util": 1.0191241706993635,
    "local_congestion": 0.0,
    "teammate_proximity": 0.0,
    "order_urgency": 0.2547848179330819,
    "blocked_ticks": -0.00043403635742165646,
    "queue_distance": 0.004598483032632229,
    "queue_slot_index": -1.608806326727949e-14,
    "is_queue_violation": -0.621730883224579,
    "near_dropoff_blocking": 0.0,
    "repeated_failed_move_count": -0.816748820709776,
    "conflict_degree": 0.0,
    "yield_applied": 0.0,
    "queue_role_lead": -0.7590195986508143,
    "queue_role_courier": 0.0,
    "queue_role_collector": 0.5466010976524845,
    "queue_role_yield": 0.0,
    "queue_advance": 1.5838218400845303,
    "move_target_blocked": -3.720277744364929,
    "noop_move": -0.45664885242334297,
    "intent_move_but_wait": -0.8656660037979261,
    "queue_relaxation_active": 0.0,
    "in_corner": 0.0,
    "dead_end_depth": 0.0,
    "escape_macro_active": 0.0,
    "escape_macro_ticks_remaining": 0.0,
    "queue_eta_rank": -3.10072638023338e-10,
    "local_conflict_count": 0.0,
    "cbs_timeout": 0.0,
    "cbs_expanded_nodes": 0.0,
    "dropoff_attempt_same_order_streak": 0.0,
    "dropoff_watchdog_triggered": 0.0,
    "loop_two_cycle_count": 0.0,
    "coverage_gain": 0.0,
    "serviceable_dropoff": 0.0,
    "ordering_rank": 0.0,
    "ordering_score": 0.0,
    "dropoff_target_pending": 0.0,
    "dropoff_target_in_progress": 0.0,
    "wait_reason_blocked_by_vertex_reservation": 0.0,
    "wait_reason_blocked_by_edge_reservation": 0.0,
    "wait_reason_forbidden_queue_zone": 0.0,
    "wait_reason_prohibited_repeat_move": -0.8656660037979232,
    "wait_reason_no_path_with_constraints": 0.0,
    "wait_reason_timeout_fallback": 0.0
  },
  "ordering_weights": {
    "bias": -0.2182281183430489,
    "carrying_active": 0.0,
    "queue_role_lead": -0.2749165726891206,
    "queue_role_courier": 0.0,
    "blocked_ticks": -0.005639721383779696,
    "local_conflict_count": 0.0,
    "dist_to_goal_proxy": -0.003985695341340511,
    "dropoff_watchdog_pressure": 0.0,
    "choke_occupancy_proxy": 0.7881340437382698
  },
  "metrics": {
    "rows_train": 1200,
    "rows_validation": 300,
    "mae": 1.3690754139174661,
    "rmse": 2.669603986172454,
    "r2": -0.10430979045546995
  }
}