{
  "schema_version": "1.1.0",
  "mode": "expert",
  "weights": {
    "bias": 1.1649402330949927,
    "dist_to_nearest_active_item": -0.005453459195207689,
    "dist_to_dropoff": -0.004080721376357945,
    "inventory_util": -0.32000022281574236,
    "local_congestion": 0.055211688433479615,
    "teammate_proximity": 0.03299634962996901,
    "order_urgency": 0.059552464804475486,
    "blocked_ticks": -0.001506532752586395,
    "queue_distance": -0.016084441916118592,
    "queue_slot_index": 0.24082164871932363,
    "is_queue_violation": -0.8886838649537415,
    "near_dropoff_blocking": -0.5092252629872933,
    "repeated_failed_move_count": -0.7432445233594543,
    "conflict_degree": -0.23078441747329434,
    "yield_applied": -0.5092252629871351,
    "queue_role_lead": -1.1280891816925611,
    "queue_role_courier": -1.1552003798078518,
    "queue_role_collector": -1.4723092205636612,
    "queue_role_yield": -0.5092252629871508,
    "queue_advance": 0.44545896654151723,
    "move_target_blocked": -1.7535075848201422,
    "noop_move": -1.286982442141751,
    "intent_move_but_wait": -1.3974176501516382,
    "queue_relaxation_active": -0.2082071545896534,
    "in_corner": 0.0,
    "dead_end_depth": 0.0,
    "escape_macro_active": 0.0,
    "escape_macro_ticks_remaining": 0.0,
    "queue_eta_rank": 6.911066246951133e-06,
    "local_conflict_count": -0.5759756688075155,
    "cbs_timeout": -1.5119976829258104,
    "cbs_expanded_nodes": 0.09123475867580151,
    "dropoff_attempt_same_order_streak": 0.0,
    "dropoff_watchdog_triggered": 0.0,
    "loop_two_cycle_count": 0.0,
    "coverage_gain": 0.0,
    "serviceable_dropoff": 0.0,
    "ordering_rank": -3.675831306417978e-14,
    "ordering_score": 0.0,
    "dropoff_target_pending": 0.0,
    "dropoff_target_in_progress": 0.0,
    "wait_reason_blocked_by_vertex_reservation": 0.0,
    "wait_reason_blocked_by_edge_reservation": 0.07889010558564484,
    "wait_reason_forbidden_queue_zone": 0.343807908016437,
    "wait_reason_prohibited_repeat_move": -1.8201156637557667,
    "wait_reason_no_path_with_constraints": 0.0,
    "wait_reason_timeout_fallback": 0.0
  },
  "ordering_weights": {
    "bias": -0.24484844779946266,
    "carrying_active": 0.0,
    "queue_role_lead": -0.022273949348098007,
    "queue_role_courier": 0.14611856971509718,
    "blocked_ticks": 0.0005296121522034302,
    "local_conflict_count": 1.271334642324114,
    "dist_to_goal_proxy": -0.0021225823151697744,
    "dropoff_watchdog_pressure": 0.0,
    "choke_occupancy_proxy": -0.0029507412360872767
  },
  "metrics": {
    "rows_train": 81000,
    "rows_validation": 21000,
    "mae": 14.077732880405373,
    "rmse": 31.856376562997074,
    "r2": -0.22698265267694562
  }
}