{
  "schema_version": "1.1.0",
  "mode": "hard",
  "weights": {
    "bias": 3.660252470365602,
    "dist_to_nearest_active_item": 0.14343904765384927,
    "dist_to_dropoff": -0.07087933519036899,
    "inventory_util": -0.18609867631938382,
    "local_congestion": -0.1712978226777057,
    "teammate_proximity": -0.20394084188857312,
    "order_urgency": -0.026595767220538,
    "blocked_ticks": 0.0012420155152595258,
    "queue_distance": -0.027745084440790217,
    "queue_slot_index": -0.19593459464607557,
    "is_queue_violation": -1.0429463242905175,
    "near_dropoff_blocking": 0.24117615446335622,
    "repeated_failed_move_count": 0.16844647112219832,
    "conflict_degree": -0.74588279827044,
    "yield_applied": 0.24117615446328045,
    "queue_role_lead": -0.8627321648076212,
    "queue_role_courier": 0.05355356545044237,
    "queue_role_collector": -0.24924816022938373,
    "queue_role_yield": 0.2411761544632903,
    "queue_advance": 0.3630357228826582,
    "move_target_blocked": -2.324912947729514,
    "noop_move": -0.49762859436784146,
    "intent_move_but_wait": 1.1669065502600275,
    "queue_relaxation_active": -2.997981722624677,
    "in_corner": 0.0,
    "dead_end_depth": 0.0,
    "escape_macro_active": 0.0,
    "escape_macro_ticks_remaining": 0.0,
    "queue_eta_rank": -0.00011034561649845256,
    "local_conflict_count": -0.6255262457435264,
    "cbs_timeout": -0.666438835680925,
    "cbs_expanded_nodes": -1.133007518730886,
    "dropoff_attempt_same_order_streak": 0.0,
    "dropoff_watchdog_triggered": 0.0,
    "loop_two_cycle_count": 0.0,
    "coverage_gain": 0.0,
    "serviceable_dropoff": 0.0,
    "ordering_rank": -1.5659741777062802e-16,
    "ordering_score": 0.0,
    "dropoff_target_pending": 0.0,
    "dropoff_target_in_progress": 0.0,
    "wait_reason_blocked_by_vertex_reservation": 0.0,
    "wait_reason_blocked_by_edge_reservation": 0.0,
    "wait_reason_forbidden_queue_zone": 1.1669065502600264,
    "wait_reason_prohibited_repeat_move": 0.0,
    "wait_reason_no_path_with_constraints": 0.0,
    "wait_reason_timeout_fallback": 0.0
  },
  "ordering_weights": {
    "bias": -0.42962943469179643,
    "carrying_active": 0.0,
    "queue_role_lead": 0.2773226378678511,
    "queue_role_courier": 0.4048930029863452,
    "blocked_ticks": -0.00026385539078103,
    "local_conflict_count": 1.1960836559210297,
    "dist_to_goal_proxy": -0.0003700661818627123,
    "dropoff_watchdog_pressure": 0.0,
    "choke_occupancy_proxy": 0.1311542599151276
  },
  "metrics": {
    "rows_train": 3000,
    "rows_validation": 1500,
    "mae": 12.275029342550862,
    "rmse": 15.916482832420396,
    "r2": -0.7822097566435846
  }
}