{
  "schema_version": "1.1.0",
  "mode": "hard",
  "weights": {
    "bias": 0.9427238771005866,
    "dist_to_nearest_active_item": -0.012727954845079353,
    "dist_to_dropoff": -0.012367107105032327,
    "inventory_util": 0.7313645774668781,
    "local_congestion": 0.2513264022969189,
    "teammate_proximity": 0.08554181625741573,
    "order_urgency": 0.0061535808143159286,
    "blocked_ticks": -0.0017766111281433744,
    "queue_distance": -0.019189204309347837,
    "queue_slot_index": -0.4747420236490678,
    "is_queue_violation": -0.2641615458925657,
    "near_dropoff_blocking": 0.9585588238507913,
    "repeated_failed_move_count": -0.4684612382951748,
    "conflict_degree": -0.2793308880785583,
    "yield_applied": 0.958558823867194,
    "queue_role_lead": -0.3982324233923914,
    "queue_role_courier": 0.35619966605076114,
    "queue_role_collector": 1.4761336872104174,
    "queue_role_yield": 0.9585588238711686,
    "queue_advance": 0.43432774023935194,
    "move_target_blocked": -2.438579105911695,
    "noop_move": -1.3920871214758082,
    "intent_move_but_wait": -0.05299683092756877,
    "queue_relaxation_active": -3.371723083772457,
    "in_corner": 0.0,
    "dead_end_depth": 0.0,
    "escape_macro_active": 0.0,
    "escape_macro_ticks_remaining": 0.0,
    "queue_eta_rank": -0.0003218206352978262,
    "local_conflict_count": -0.12242879651890386,
    "cbs_timeout": -1.0351213702985957,
    "cbs_expanded_nodes": -0.6280712485067715,
    "dropoff_attempt_same_order_streak": -2.410885761785527,
    "dropoff_watchdog_triggered": -5.04990303196879,
    "loop_two_cycle_count": -1.041343061843583,
    "coverage_gain": 1.4173028894467985,
    "serviceable_dropoff": -1.255065229984187,
    "ordering_rank": 0.40779565136173557,
    "ordering_score": 0.02067536644248142,
    "dropoff_target_pending": 0.0,
    "dropoff_target_in_progress": 1.9349270390915743,
    "wait_reason_blocked_by_vertex_reservation": 0.0,
    "wait_reason_blocked_by_edge_reservation": 0.0,
    "wait_reason_forbidden_queue_zone": -0.05299683092758906,
    "wait_reason_prohibited_repeat_move": 0.0,
    "wait_reason_no_path_with_constraints": 0.0,
    "wait_reason_timeout_fallback": 0.0
  },
  "ordering_weights": {
    "bias": -2.5494263217648174,
    "carrying_active": -3.2380087509774906,
    "queue_role_lead": 2.8852827994219794,
    "queue_role_courier": 1.5242053401062083,
    "blocked_ticks": 0.002997808090237504,
    "local_conflict_count": 0.7245750807987874,
    "dist_to_goal_proxy": 0.01701474903285852,
    "dropoff_watchdog_pressure": -0.09152421850804293,
    "choke_occupancy_proxy": 0.2147751155692587
  },
  "metrics": {
    "rows_train": 6000,
    "rows_validation": 1500,
    "mae": 2.6862259014689673,
    "rmse": 3.890376002117259,
    "r2": 0.7663445999868703
  }
}