{
  "schema_version": "1.1.0",
  "mode": "medium",
  "weights": {
    "bias": 0.375036284491598,
    "dist_to_nearest_active_item": -0.03846756430524883,
    "dist_to_dropoff": -0.006065443933604498,
    "inventory_util": 1.2585886803597892,
    "local_congestion": -0.4403692139875361,
    "teammate_proximity": 0.12305135580113427,
    "order_urgency": -0.097413979217295,
    "blocked_ticks": -0.0020095491985564584,
    "queue_distance": -0.0017610097002956273,
    "queue_slot_index": -0.384418564114266,
    "is_queue_violation": 0.3217422912907141,
    "near_dropoff_blocking": 0.20711341479780712,
    "repeated_failed_move_count": -0.8763108285353549,
    "conflict_degree": -0.7006769901722583,
    "yield_applied": 0.20711341479780115,
    "queue_role_lead": 0.511751175597252,
    "queue_role_courier": 1.8874665603933902,
    "queue_role_collector": -0.18308240481741556,
    "queue_role_yield": 0.20711341479419593,
    "queue_advance": 0.16479399564606187,
    "move_target_blocked": 0.41023747448329456,
    "noop_move": -1.8653279479686655,
    "intent_move_but_wait": -1.8096861511214195,
    "queue_relaxation_active": -2.602164762277957,
    "in_corner": 0.526239056989002,
    "dead_end_depth": -1.100756601871248,
    "escape_macro_active": -0.14707963792750606,
    "escape_macro_ticks_remaining": -0.7503470947734961,
    "queue_eta_rank": 2.4377034128859773e-05,
    "local_conflict_count": 0.17100910177322584,
    "cbs_timeout": 0.4809921324845139,
    "cbs_expanded_nodes": -1.1091662297554057,
    "dropoff_attempt_same_order_streak": -3.060110612221489,
    "dropoff_watchdog_triggered": 4.022832684323833,
    "loop_two_cycle_count": -1.0416919649463459,
    "coverage_gain": 1.3868479725251766,
    "serviceable_dropoff": -11.532233643102243,
    "ordering_rank": 0.8340756984696714,
    "ordering_score": 0.15625397453452838,
    "dropoff_target_pending": 0.0,
    "dropoff_target_in_progress": 1.946659152780257,
    "wait_reason_blocked_by_vertex_reservation": 0.0,
    "wait_reason_blocked_by_edge_reservation": -1.1196176112796952,
    "wait_reason_forbidden_queue_zone": -0.6900685398415096,
    "wait_reason_prohibited_repeat_move": 0.0,
    "wait_reason_no_path_with_constraints": 0.0,
    "wait_reason_timeout_fallback": 0.0
  },
  "ordering_weights": {
    "bias": -1.99897257038263,
    "carrying_active": -2.502479509803269,
    "queue_role_lead": 1.6587931449921762,
    "queue_role_courier": 1.7253147271280187,
    "blocked_ticks": 0.002834634963155084,
    "local_conflict_count": 1.7506369838085298,
    "dist_to_goal_proxy": 0.011117511018329414,
    "dropoff_watchdog_pressure": -1.3703270925567033,
    "choke_occupancy_proxy": 0.08238441380483662
  },
  "metrics": {
    "rows_train": 5400,
    "rows_validation": 1800,
    "mae": 3.2139571658789303,
    "rmse": 5.397399206633484,
    "r2": 0.9605262899372364
  }
}