{
  "schema_version": "1.1.0",
  "mode": "medium",
  "weights": {
    "bias": -1.2458470445609313,
    "dist_to_nearest_active_item": 0.17802937994935095,
    "dist_to_dropoff": 0.13968813761127316,
    "inventory_util": -0.5320973110430134,
    "local_congestion": 1.110567078318124,
    "teammate_proximity": 0.712514088913211,
    "order_urgency": -0.25007414908538494,
    "blocked_ticks": -0.0004328823411306015,
    "queue_distance": -0.029497100374214776,
    "queue_slot_index": -0.9760600709375397,
    "is_queue_violation": -0.1896346465242583,
    "near_dropoff_blocking": -0.02688484692797936,
    "repeated_failed_move_count": -0.7906241870895769,
    "conflict_degree": -0.7252504802286341,
    "yield_applied": -0.026884846927950828,
    "queue_role_lead": -1.8986502382117894,
    "queue_role_courier": 0.2833638679767535,
    "queue_role_collector": 0.010830547634247538,
    "queue_role_yield": -0.02688484692806887,
    "queue_advance": -0.023702190098360783,
    "move_target_blocked": 0.4102271995297604,
    "noop_move": -1.9609931465509418,
    "intent_move_but_wait": 0.0,
    "queue_relaxation_active": -2.0527048747361354,
    "in_corner": 0.0,
    "dead_end_depth": 0.0,
    "escape_macro_active": 0.0,
    "escape_macro_ticks_remaining": 0.0,
    "queue_eta_rank": -0.0002724232272175874,
    "local_conflict_count": 0.45145876304908983,
    "cbs_timeout": 0.09230695522454055,
    "cbs_expanded_nodes": -0.43845975129582004,
    "dropoff_attempt_same_order_streak": 0.0,
    "dropoff_watchdog_triggered": 0.0,
    "loop_two_cycle_count": 0.0,
    "coverage_gain": 0.0,
    "serviceable_dropoff": 0.0,
    "ordering_rank": -2.5458258181162594e-13,
    "ordering_score": 0.0,
    "dropoff_target_pending": 0.0,
    "dropoff_target_in_progress": 0.0,
    "wait_reason_blocked_by_vertex_reservation": 0.0,
    "wait_reason_blocked_by_edge_reservation": 0.0,
    "wait_reason_forbidden_queue_zone": 0.0,
    "wait_reason_prohibited_repeat_move": 0.0,
    "wait_reason_no_path_with_constraints": 0.0,
    "wait_reason_timeout_fallback": 0.0
  },
  "ordering_weights": {
    "bias": 0.24290137169793796,
    "carrying_active": 0.0,
    "queue_role_lead": -0.23899595454609074,
    "queue_role_courier": 0.11163471340320762,
    "blocked_ticks": -0.00017515387304780855,
    "local_conflict_count": 1.1241150392839794,
    "dist_to_goal_proxy": -0.004879325467965207,
    "dropoff_watchdog_pressure": 0.0,
    "choke_occupancy_proxy": -0.3274354081259648
  },
  "metrics": {
    "rows_train": 1800,
    "rows_validation": 900,
    "mae": 2.552013080436609,
    "rmse": 2.914166860765635,
    "r2": -0.9787165542988061
  }
}