{
  "schema_version": "1.2.0",
  "modes": {
    "easy": {
      "weights": {
        "bias": 2.238852980107207,
        "dist_to_nearest_active_item": 0.3239812585768106,
        "dist_to_dropoff": -0.07816727197543083,
        "inventory_util": 0.008066119515450814,
        "local_congestion": 0.0,
        "teammate_proximity": 0.0,
        "order_urgency": -0.16643085453767117,
        "blocked_ticks": -2.219386573938834e-05,
        "queue_distance": -0.01918320773804052,
        "queue_slot_index": 6.9673918808994074e-12,
        "is_queue_violation": -0.3391581563735226,
        "near_dropoff_blocking": 0.0,
        "repeated_failed_move_count": -1.687350500414409,
        "conflict_degree": 0.0,
        "yield_applied": 0.0,
        "queue_role_lead": -2.148543276491396,
        "queue_role_courier": 0.0,
        "queue_role_collector": -1.9425621716461554,
        "queue_role_yield": 0.0,
        "queue_advance": 2.3272843259379887,
        "move_target_blocked": -3.378170827294449,
        "noop_move": -0.4003967903216703,
        "intent_move_but_wait": -0.788514860162423,
        "queue_relaxation_active": -2.034799589516428,
        "in_corner": 0.0,
        "dead_end_depth": -0.6767379672890412,
        "escape_macro_active": 0.6343074441726575,
        "escape_macro_ticks_remaining": 0.3506604481635254,
        "queue_eta_rank": 4.043215088583161e-05,
        "local_conflict_count": 0.0,
        "cbs_timeout": 0.0,
        "cbs_expanded_nodes": 0.0,
        "dropoff_attempt_same_order_streak": -2.049070013759424,
        "dropoff_watchdog_triggered": 0.0,
        "loop_two_cycle_count": -0.9889457303927991,
        "coverage_gain": 0.29666086996354557,
        "serviceable_dropoff": -4.384320935547803,
        "ordering_rank": 0.46780491522705936,
        "ordering_score": 0.05291004239401823,
        "dropoff_target_pending": 0.0,
        "dropoff_target_in_progress": 2.5198279390375085,
        "wait_reason_blocked_by_vertex_reservation": 0.0,
        "wait_reason_blocked_by_edge_reservation": 0.0,
        "wait_reason_forbidden_queue_zone": 0.0,
        "wait_reason_prohibited_repeat_move": -0.7885148601624242,
        "wait_reason_no_path_with_constraints": 0.0,
        "wait_reason_timeout_fallback": 0.0
      },
      "ordering_weights": {
        "bias": -2.4919690513433426,
        "carrying_active": -4.022940524408169,
        "queue_role_lead": 1.7956833933534988,
        "queue_role_courier": 0.0,
        "blocked_ticks": -0.005045212135428286,
        "local_conflict_count": 0.0,
        "dist_to_goal_proxy": 0.017933517871166826,
        "dropoff_watchdog_pressure": 0.1482017251538771,
        "choke_occupancy_proxy": 3.5624342665688253
      },
      "feature_columns": [],
      "normalization": {},
      "heads": {},
      "calibration": {}
    },
    "expert": {
      "weights": {
        "bias": -0.32451348283235393,
        "dist_to_nearest_active_item": -0.007897996419293594,
        "dist_to_dropoff": -0.012244415673261037,
        "inventory_util": -0.15654204954421488,
        "local_congestion": 0.07317187505941564,
        "teammate_proximity": 0.029761643484201777,
        "order_urgency": 0.08950397322184635,
        "blocked_ticks": -0.002227578470792882,
        "queue_distance": -0.0007696236932987133,
        "queue_slot_index": 0.2765880693624893,
        "is_queue_violation": -0.8169611939466702,
        "near_dropoff_blocking": -0.024252333873640806,
        "repeated_failed_move_count": -0.5045726579530748,
        "conflict_degree": -0.22224862273403045,
        "yield_applied": -0.0242523332180449,
        "queue_role_lead": 0.024444059474612048,
        "queue_role_courier": 0.06989210190593777,
        "queue_role_collector": -0.018777115590776463,
        "queue_role_yield": -0.024252333457523045,
        "queue_advance": 0.3025151969501691,
        "move_target_blocked": -1.6671762439031086,
        "noop_move": -1.2997095726621155,
        "intent_move_but_wait": -0.8843709238326616,
        "queue_relaxation_active": -0.2613619523080977,
        "in_corner": 0.0,
        "dead_end_depth": 0.0,
        "escape_macro_active": 0.0,
        "escape_macro_ticks_remaining": 0.0,
        "queue_eta_rank": 2.2027348850722175e-07,
        "local_conflict_count": -0.30446017451431356,
        "cbs_timeout": -1.3698132495035116,
        "cbs_expanded_nodes": 0.016513353861880038,
        "dropoff_attempt_same_order_streak": -2.0783508011138427,
        "dropoff_watchdog_triggered": -2.9221902936743946,
        "loop_two_cycle_count": -0.9788877191461098,
        "coverage_gain": 1.8320515926436975,
        "serviceable_dropoff": 1.8210060603389744,
        "ordering_rank": -0.03101817463395762,
        "ordering_score": -0.01332089015309241,
        "dropoff_target_pending": 0.0,
        "dropoff_target_in_progress": 2.392413406774032,
        "wait_reason_blocked_by_vertex_reservation": 0.0,
        "wait_reason_blocked_by_edge_reservation": -0.7425378701194827,
        "wait_reason_forbidden_queue_zone": -0.6883716082358885,
        "wait_reason_prohibited_repeat_move": -2.2631182778786667,
        "wait_reason_no_path_with_constraints": 0.0,
        "wait_reason_timeout_fallback": -2.9242082422176363
      },
      "ordering_weights": {
        "bias": -1.8543782282224432,
        "carrying_active": -3.260803996412745,
        "queue_role_lead": 1.2960292377703964,
        "queue_role_courier": 1.4052872053043475,
        "blocked_ticks": 0.0030429779123639132,
        "local_conflict_count": 1.0261068216087574,
        "dist_to_goal_proxy": 0.01117320767797829,
        "dropoff_watchdog_pressure": -0.05850357872296806,
        "choke_occupancy_proxy": 0.07737906104640295
      },
      "feature_columns": [],
      "normalization": {},
      "heads": {},
      "calibration": {}
    },
    "hard": {
      "weights": {
        "bias": 0.9427238771005866,
        "dist_to_nearest_active_item": -0.012727954845079353,
        "dist_to_dropoff": -0.012367107105032327,
        "inventory_util": 0.7313645774668781,
        "local_congestion": 0.2513264022969189,
        "teammate_proximity": 0.08554181625741573,
        "order_urgency": 0.0061535808143159286,
        "blocked_ticks": -0.0017766111281433744,
        "queue_distance": -0.019189204309347837,
        "queue_slot_index": -0.4747420236490678,
        "is_queue_violation": -0.2641615458925657,
        "near_dropoff_blocking": 0.9585588238507913,
        "repeated_failed_move_count": -0.4684612382951748,
        "conflict_degree": -0.2793308880785583,
        "yield_applied": 0.958558823867194,
        "queue_role_lead": -0.3982324233923914,
        "queue_role_courier": 0.35619966605076114,
        "queue_role_collector": 1.4761336872104174,
        "queue_role_yield": 0.9585588238711686,
        "queue_advance": 0.43432774023935194,
        "move_target_blocked": -2.438579105911695,
        "noop_move": -1.3920871214758082,
        "intent_move_but_wait": -0.05299683092756877,
        "queue_relaxation_active": -3.371723083772457,
        "in_corner": 0.0,
        "dead_end_depth": 0.0,
        "escape_macro_active": 0.0,
        "escape_macro_ticks_remaining": 0.0,
        "queue_eta_rank": -0.0003218206352978262,
        "local_conflict_count": -0.12242879651890386,
        "cbs_timeout": -1.0351213702985957,
        "cbs_expanded_nodes": -0.6280712485067715,
        "dropoff_attempt_same_order_streak": -2.410885761785527,
        "dropoff_watchdog_triggered": -5.04990303196879,
        "loop_two_cycle_count": -1.041343061843583,
        "coverage_gain": 1.4173028894467985,
        "serviceable_dropoff": -1.255065229984187,
        "ordering_rank": 0.40779565136173557,
        "ordering_score": 0.02067536644248142,
        "dropoff_target_pending": 0.0,
        "dropoff_target_in_progress": 1.9349270390915743,
        "wait_reason_blocked_by_vertex_reservation": 0.0,
        "wait_reason_blocked_by_edge_reservation": 0.0,